{"cameraMode":{"drawMode":0,"name":"Shaded","section":"Shading Mode"},"sceneLighting":false,"audioPlay":false,"sceneViewState":{"showFog":true,"showMaterialUpdate":false,"showSkybox":false,"showFlares":true,"showImageEffects":true,"showParticleSystems":true},"in2DMode":false,"pivot":{"x":-4.110465049743652,"y":16.280452728271486,"z":-17.289501190185548},"rotation":{"x":-0.3413084149360657,"y":-0.009304696694016457,"z":0.0033788790460675956,"w":-0.9398992657661438},"size":8.114704132080079,"orthographic":false}